bibtex_id	dataset(s) used	author last	title first	approx # google scholar citations	title	authors	conference?	year	booktitle	publisher	pages	doi	journal	volume	number	url	avg. # citations / year	types of features used (network stats? NLP?)	model used (deep learning? random forests? NLP?)	notes	accuracy	precision	recall	f1	AUC	MCC	Specificity / TPR	Sensitivity / TNR	FPR	FNR	Detection rate	Error rate	Kolmogorov-Smirnov distance	Kullback-Liebler distance
ng2023botbuster	midterm-2018	ng	botbuster	2	BotBuster: Multi-platform Bot Detection Using A Mixture of Experts	Lynnette Hui and Xian Ng and Kathleen M. Carley	1	2023	17th International AAAI Conference on Web and Social Media			10.48550/arXiv.2207.13658				https://arxiv.org/pdf/2207.13658.pdf								0.9413										
pham2022bot2vec:	cresci-2015	pham	bot2vec:	11	Bot2Vec: A general approach of intra-community oriented representation learning for bot detection in different types of social networks	Phu Pham and Loan T.T. Nguyen and Bay Vo and Unil Yun	0	2022				10.1016/j.is.2021.101771	Information Systems	103																				
feng2022heterogeneity-aware	twibot-2020	feng	heterogeneity-aware	8	Heterogeneity-aware Twitter Bot Detection with Relational Graph Transformers	Shangbin Feng and Zhaoxuan Tan and Rui L and, Minnan Luo	1	2022	AAAI Conference on Artificial Intelligence	Association for the Advancement of Artificial Intelligence	3977--3985	10.1609/aaai.v36i4.20314				https://doi.org/10.1609/aaai.v36i4.20314	16				0.8664			0.8821										
guo2022social	rtbust-2019; feedback-2019; gilani-2017; stock-2018; midterm-2018	guo	social	4	Social Bots Detection via Fusing BERT and Graph Convolutional Networks	Qinglang Guo and Haiyong Xie and Yangyang Li and Wen Ma and Chao Zhang 	0	2022				10.3390/sym14010030	Symmetry	14	1	https://mdpi-res.com/d_attachment/symmetry/symmetry-14-00030/article_deploy/symmetry-14-00030.pdf?version=1640602824	8				rtbust-2019: 0.78 feedback-2019: 0.8108 gilani-2017: 0.5259 stock-2018: 0.6698 midterm-2018: 0.9026			rtbust-2019: 0.7096 feedback-2019: 0.6977 gilani-2017: 0.6065 stock-2018: 0.6622 midterm-2018: 0.8089							name	string		
antenore2022a	midterm-2018	antenore	a	4	A comparative study of bot detection techniques with an application related to Covid-19 discourse on Twitter.	Marzia Antenore and Jose Manuel Camacho Rodriguez and Emanuele Panizzi	0	2022				10.1177/08944393211073733	Social Science Computer Review	0	0	https://doi.org/10.1177/08944393211073733					0.964													
gonzalez2022the	cresci-2015; cresci-2017	gonzalez	the	1	 The advantage of the right in social media news sharing 	Sandra González-Bailón and Valeria d’Andrea and Deen Freelon and Manlio De Domenico	1	2022				10.1093/pnasnexus/pgac137	PNAS Nexus	1	3	https://doi.org/10.1093/pnasnexus/pgac137					0.9			0.9										
thavasimani2022a	cresci-2017	thavasimani	a	0	A Custom Classifier to Detect Spambots on CRESCI-2017 Dataset	Karthikayini Thavasimani & N. K. Srinath 	1	2022	Emerging Research in Computing, Information, Communication and Applications	Springer	181--191	10.1007/978-981-16-1338-8				https://link.springer.com/chapter/10.1007/978-981-16-1338-8_16	0				0.9613	0.96	0.96			0.89								
alothali2022bot-mgat:	twibot-2020	alothali	bot-mgat:	0	Bot-MGAT: A Transfer Learning Model Based on a Multi-View Graph Attention Network to Detect Social Bots 	Alothali, Eiman and Salih, Motamen and Hayawi, Kadhim and Alashwal, Hany	0	2022				10.3390/app12168117	Applied Sciences	16																				
rovito2022an	twibot-2020	rovito	an	0	An Evolutionary Computation Approach for Twitter Bot Detection	Rovito, Luigi and Bonin, Lorenzo and Manzoni, Luca and De Lorenzo, Andrea	0	2022				10.3390/app12125915	Applied Sciences	12	12	https://www.mdpi.com/2076-3417/12/12/5915																		
heidari2021an	cresci-2017	heidari	an	53	An Empirical Study of Machine learning Algorithms for Social Media Bot Detection	Maryam Heidari and James H Jones and Ozlem Uzuner	1	2021	IEEE International IOT, Electronics and Mechatronics Conference (IEMTRONICS)		1--5	10.1109/IEMTRONICS52119.2021.9422605				https://doi.org/10.1109/IEMTRONICS52119.2021.9422605	35			extracts new sentiment features	0.923			0.93		0.889								
ilias2021deep	verified-2019; botwiki-2019; midterm-2018; stock-2018; rtbust-2019; political-bots-2019; feedback-2019; vendor-purchased-2019; celebrity-2019; pronbots-2019; gilani-2017; varol-2017; cresci-2017	martin	deep	11	A Deep Learning Approach for Robust Detection of Bots in Twitter Using Transformers	David Martín-Gutiérrez and Gustavo Hernández-Peñaloza and Alberto Belmonte Hernández and Alicia Lozano-Diez and Federico Álvarez	0	2021			54591-54601	10.1109/ACCESS.2021.3068659	IEEE Access	9																				
ilias2021detecting	cresci-2017; caverlee-2011	ilias	detecting	7	Detecting malicious activity in Twitter using deep learning techniques	Loukas Ilias and Ioanna Roussaki	0	2021					Applied Soft Computing	107		https://doi.org/10.1016/j.asoc.2021.107360	5			lots of derived features	cresci-2017: 0.99 caverlee-2011: 0.08261	cresci-2017: 0.98 caverlee-2011: 0.8365	cresci-2017: 0.9973 caverlee-2011: 0.8941	cresci-2017: 0.9886 caverlee-2011: 0.8643	cresci-2017: 0.9976 caverlee-2011: 0.8870									
feng2021botrgcn	twibot-2020	feng	botrgcn	6	BotRGCN: Twitter Bot Detection with Relational Graph Convolutional Networks	Shangbin Feng and Herun Wan and Ningnan Wang and Minnan Luo	1	2021	2021 IEEE/ACM International Conference on Advances in Social Networks Analysis and Mining	Association for Computing Machinery	236--239	10.1145/3487351.3488336				https://arxiv.org/abs/2106.13092	4				0.8462			0.8707		0.7021								
geng2021satar	twibot-2020; cresci-2017; pan-2019	geng	satar	5	SATAR: A Self-supervised Approach to Twitter Account Representation Learning and its Application in Bot Detection	Shangbin Feng and Herun Wan and Ningnan Wang and Jundong Li and Minnan Luo	1	2021	30th ACM International Conference on Information & Knowledge Management (CIKM)	Association for Computing Machinery	3808--3817	10.1145/3459637.3481949				https://doi.org/10.1145/3459637.3481949	3				twibot-2020: 0.8412 cresci-2017: 0.9871 pan-2019: 0.9509			twibot-2020: 0.8642 cresci-2017: 0.9910 pan-2019: 0.9510		twibot-2020: 0.6863 cresci-2017: 0.9685 pan-2019: 0.9018								
dimitriadis2021social	cresci-2017; cresci-2015; pronbots-2019; gilani-2017; political-bots-2019; astroturf; botwiki-2019; vendor-purchased-2019; varol-2017; italian-elections; stock-2018; midterm-2018; caverlee-2011	dimitriadis	social	5	Social Botomics: A Systematic Ensemble ML Approach for Explainable and Multi-Class Bot Detection 	Ilias Dimitriadis and Konstantinos Georgiou and Athena Vakali	0	2021				10.3390/app11219857	Applied Sciences	11	21	https://doi.org/10.3390/app11219857	3				all: 0.861	0.895	0.85	all: 0.87							name	string		
wang2021detecting	pan-2019	wang	detecting	4	Detecting Social Media Bots with Variational AutoEncoder and k-Nearest Neighbor 	Xiujuan Wang and Qianqian Zheng and Kangfeng Zheng and Yi Sui and Siwei Cao and Yutong Shi 	0	2021				10.3390/app11125482	Applied Sciences	11	12																			
giorgi2021characterizing	botwiki-2019; midterm-2018; verified-2019	giorgi	characterizing	3	Characterizing Social Spambots by their Human Traits	Giorgi, Salvatore and Ungar, Lyle and Schwartz, H. Andrew	1	2021	The Joint Conference of the 59th Annual Meeting of the Association for Computational Linguistics and the 11th International Joint Conference on Natural Language Processing		5148--5158	10.18653/v1/2021.findings-acl.457				https://aclanthology.org/2021.findings-acl.457.pdf					0.98889	0.985	0.971	0.978										
yang2020scalable	feedback-2019; botwiki-2019; caverlee-2011; cresci-2017; rtbust-2019; stock-2018; gilani-2017; midterm-2018; political-bots-2019; pronbots-2019; varol-2017; vendor-purchased-2019; verified-2019	yang	scalable	136	Scalable and Generalizable Social Bot Detection through Data Selection	Kai-Cheng Yang and Onur Varol and Pik-Mai Hui and Filippo Menczer 	1	2020	AAAI Conference on Artificial Intelligence	Association for the Advancement of Artificial Intelligence 	1096--1103	10.1609/aaai.v34i01.5460                                                 				https://doi.org/10.1609/aaai.v34i01.5460	54	basic user metadata: # tweets, # followers, # friends, # favorites, has default profile, has background image etc		botometer v3 (?)					botwiki-2019: 0.99 midterm-18: 0.98 gilani-2017: 0.68 rtbust: 0.60									
gilani2020classification	gilani-2017	gilani	classification	84	Classification of twitter accounts into automated agents and human users	Gilani, Zafar and Kochmar, Ekaterina and Crowcroft, Jon	1	2020	IEEE/ACM International Conference on Advances in Social Networks Analysis and Mining (ASONAM)		489--496	10.1145/3110025.3110091				https://ieeexplore.ieee.org/abstract/document/9069085	34	age of account, favorites-to-tweets ratio, lists per user, followers-to-friends ratio, user favorites, likes/favorites per tweet, retweets per tweet, user replies, users tweets, user retweets, tweet frequency, URLs count, activity source type, source count, CDN content size			0.8644	0.854	0.822	0.836										
heidari2020using	cresci-2017	heidari	using	81	Using BERT to Extract Topic-Independent Sentiment Features for Social Media Bot Detection	Maryam Heidari and James H Jones	1	2020	11th IEEE Annual Ubiquitous Computing, Electronics & Mobile Communication Conference (UEMCON)		542--547	10.1109/UEMCON51285.2020.9298158				https://doi.org/10.1109/UEMCON51285.2020.9298158	32				0.979			0.976		0.962								
heidari2020deep	cresci-2017	heidari	deep	75	Deep Contextualized Word Embedding for Text-based Online User Profiling to Detect Social Bots on Twitter	Maryam Heidari and James H Jones and Ozlem Uzuner	1	2020	2020 International Conference on Data Mining Workshops (ICDMW)		480--487	10.1109/ICDMW51313.2020.00071				https://ieeexplore.ieee.org/document/9346546	75				0.971			0.969	0.972									
sayyadiharikandeh2020detection	astroturf; feedback-2019; botwiki-2019; caverlee-2011; cresci-2017; rtbust-2019; stock-2018; gilani-2017; kaiser; midterm-2018; political-bots-2019; pronbots-2019; varol-2017; vendor-purchased-2019; verified-2019	sayyadiharikandeh	detection	73	Detection of Novel Social Bots by Ensembles of Specialized Classifiers	Mohsen Sayyadiharikandeh and Onur Varol and Kai-Cheng Yang and Alessandro Flammini and Filippo Menczer 	1	2020	29th ACM International Conference on Information & Knowledge Management	Association for Computing Machinery	2725--2732	10.1145/3340531.3412698				https://dl.acm.org/doi/10.1145/3340531.3412698	29		ensemble of random forests, each trained on a single dataset; output of each classifier is combined into cumulative bot score	botometer v4	stock-2018: 0.80 	0.64	0.84	all: 0.77										
mendoza2020malicious	rtbust-2019	mendoza	detection	16	Bots in Social and Interaction Networks: Detection and Impact Estimation	Marcelo Mendoza and Maurizio Tesconi and Stefano Cresci	1	2020	ACM Transactions on Information Systems	Association for Computing Machinery		10.1145/3419369		39	1																			
muo2020malicious	caverlee-2011; cresci-2015; cresci-2017; gilani-2017; varol-2017; midterm-2018; botwiki-2019; celebrity-2019; policial-bots-2019; pronbots-2019; verified-2019; vendor-purchased-2019; rtbust-2019	muo	malicious	4	Malicious Bot Detection in Online Social Networks: Arming Handcrafted Features with Deep Learning	Guanyi Mou and Kyumin Lee	1	2020	Social informatics: 12th International Conference		220--236	10.1007/978-3-030-60975-7_17																						
barhate2020twitter	botwiki-2019; midterm-2018; verified-2019	barhate	twitter	4	Twitter bot detection and their influence in hashtag manipulation	Barhate, Sanket and Mangla, Ritika and Panjwani, Dhwani and Gatkal, Suyash and Kazi, Faruk	1	2020	IEEE 17th India Council International Conference		1--7	10.1109/INDICON49873.2020.9342152				https://ieeexplore.ieee.org/stamp/stamp.jsp?arnumber=9342152&casa_token=ogna7W9EPNUAAAAA:wW-u8xbVTg8Im26PogY_VFRUT-AXFvXfBUWCc98c7jXOYZjzGSgnTySOMfBAQLOzcRzWnFmp8bA&tag=1								0.973										
nguyen2020bot	rtbust-2019	nguyen	bot	2	Bot Detection on Social Networks Using Persistent Homology 	Minh Nguyen and Mehmet Aktas and Esra Akbas 	0	2020				10.3390/mca25030058	Mathematical and Computational Applications	25	3																			
mazza2019rtbust	rtbust-2019	mazza	rtbust	121	RTbust: Exploiting Temporal Patterns for Botnet Detection on Twitter	Michele Mazza and Stefano Cresci and Marco Avvenuti and Walter Quattrociocchi and Maurizio Tesconi	1	2019	10th ACM Conference on Web Science	Association for Computing Machinery	183--192	10.1145/3292522.3326015				https://doi.org/10.1145/3292522.3326015	35				0.9304			0.8687		0.7572								
stella2019influence	cresci-2015; cresci-2017; russian-trolls-2018	stella	influence	46	Influence of augmented humans in online interactions during voting events	Massimo Stella and Marco Cristoforetti and Manlio De Domenico	0	2019		Public Library of Science	1--16	10.1371/journal.pone.0214210	PLOS ONE	14	5	https://doi.org/10.1371/journal.pone.0214210					all: 0.9	0.95												
loyola-gonzalez2019contrast	cresci-2017	loyola-gonzalez	contrast	43	Contrast Pattern-Based Classification for Bot Detection on Twitter	Octavio Loyola-González and Raúl Monroy and Jorge Rodríguez-Ruiz and Armando López-Cuevas and Javier Israel Mata-Sánchez	0	2019			45800--45817	10.1109/ACCESS.2019.2904220	IEEE Access	7		https://doi.org/10.1109/ACCESS.2019.2904220	12								0.9	0.91								
gilani2019a	gilani-2017	gilani	a	43	A Large-scale Behavioural Analysis of Bots and Humans on Twitter	Gilani, Zafar and Farahbakhsh, Reza and Tyson, Gareth and Crowcroft, Jon	0	2019		Association for Computing Machinery		10.1145/3298789	ACM Transactions on the Web	13	1	https://doi.org/10.1145/3298789																		
wei2019twitter	cresci-2017 tweets	wei	twitter	40	Twitter Bot Detection Using Bidirectional Long Short-term Memory Neural Networks and Word Embeddings	Feng Wei and Uyen Trang Nguyen 	1	2019	2019 First IEEE International Conference on Trust, Privacy and Security in Intelligent Systems and Applications (TPS-ISA)		101-109	10.1109/TPS-ISA48467.2019.00021				https://arxiv.org/pdf/2002.01336.pdf	11				0.961	0.94	0.976	0.963		0.92	0.938							
mohammad2019bot	cresci-2017	mohammad	bot	19	Bot detection using a single post on social media	Shad Mohammad and Mazhar Ali and Leo Liu and Matthew Shardlow and Raheel Nawaz	1	2019	Third World Conference on Smart Trends in Systems Security and Sustainablity (WorldS4)		215--220	10.1109/WorldS4.2019.8903989				https://doi.org/10.1109/WorldS4.2019.8903989	5	tweets			0.9943	0.99	0.99	0.99										
alhosseini2019detect	caverlee-2011; cresci-2017; yang-2013-traditional-spambots-1	alhosseini	detect	17	Detect Me If You Can: Spam Bot Detection Using Inductive Representation Learning	Seyed Ali Alhosseini and Raad Bin Tareaf and Pejman Najafi and Christoph Meinel	1	2019	2019 World Wide Web Conference	Association for Computing Machinery	148--153	10.1145/3308560.3316504				https://dl.acm.org/doi/10.1145/3308560.3316504	5					all: 0.89	all: 0.8	all: 0.84	all: 0.94									
	cresci-2017	kaubiyal	a	14	A Feature Based Approach to Detect Fake Profiles in Twitter	Jyoti Kaubiyal and Ankit Kumar Jain		2019																										
knauth2019language-agnostic	cresci-2017	knauth	language-agnostic	13	Language-Agnostic Twitter-Bot Detection	Jürgen Knauth	1	2019	International Conference on Recent Advances in Natural Language Processing (RANLP)	INCOMA Ltd.	550--558	10.26615/978-954-452-056-4				http://dx.doi.org/10.26615/978-954-452-056-4_065	4				0.9881	0.9958	0.9835	0.9896	0.9959									
kosmajac2019twitter	varol-2017; cresci-2017	kosmajac	twitter	13	Twitter Bot Detection using Diversity Measures	Dijana Kosmajac and Vlado Kesel	1	2019	3rd International Conference on Natural Language and Speech Processing	Association for Computational Linguistics	1--8					https://aclanthology.org/W19-7401/	4			consider reaching out to see if they will share the full varol data				cresci-2017: 0.9667 varol-2017: 0.7306										
luo2019deepbot	pan-2019	luo	deepbot	11	Deepbot: A Deep Neural Network based approach for Detecting Twitter Bots	Linhao Luo and Xiaofeng Zhang and Xiaofei Yang and Weihuang Yang	0	2019		{IOP} Publishing		10.1088/1757-899x/719/1/012063	{IOP} Conference Series: Materials Science and Engineering	719	1	https://doi.org/10.1088/1757-899x/719/1/012063					0.7964				0.8704									
garcia-silva2019an	gilani-2017 tweets	garcia-silva	an	4	An Empirical Study on Pre-trained Embeddings and Language Models for Bot Detection	Andres Garcia-Silva and Cristian Berrio and José Manuel Gómez-Pérez	1	2019	4th Workshop on Representation Learning for NLP (RepL4NLP)	Association for Computational Linguistics	148--155	10.18653/v1/W19-4317				http://dx.doi.org/10.18653/v1/W19-4317	1					0.8481	0.8243	0.8229										
kudugunta2018deep	cresci-2017	kudugunta	deep	256	Deep neural networks for bot detection	Sneha Kudugunta and Emilio Ferrara	0	2018			312--322	10.1016/j.ins.2018.08.019	Information Sciences	467		https://doi.org/10.1016/j.ins.2018.08.019	57	cresci dataset features	a deep neural network based on contextual long short-term memory (LSTM) architecture that exploits both con- tent and metadata to detect bots at the tweet level; also propose a technique based on synthetic minority oversampling to generate a large labeled dataset, suitable for deep nets training, from a minimal amount of labeled data (roughly 3000 examples of sophisticated Twitter bots)		0.9981	1	1	1	0.9981									
cresci2018social	cresci-2017	cresci	social	132	Social Fingerprinting: Detection of Spambot Groups Through DNA-Inspired Behavioral Modeling	Stefano Cresci and Roberto Di Pietro and Marinella Petrocchi and Angelo Spognardi and Maurizio Tesconi	0	2018			561--576	10.1109/TDSC.2017.2681672	IEEE Transactions on Dependable and Secure Computing	15	4	https://doi.org/10.1109/TDSC.2017.2681672	29				0.977	1	0.977	0.977		0.955	1							
beskow2018bot	random-strings-2018; caverlee-2011; journalist-attack-2017	beskow	bot	40	Bot conversations are different: leveraging network metrics for bot detection in twitter	Beskow, David M. and Kathleen M. Carley	1	2018	IEEE/ACM International Conference on Advances in Social Networks Analysis and Mining (ASONAM)		825--832	10.1109/ASONAM.2018.8508322				https://doi.org/10.1109/ASONAM.2018.8508322	9					Random data: 0.99 journalist-attack-2017: 0.973	Random data: 0.991 journalist-attack-2017: 0.742		Random data: 0.992 journalist-attack-2017: 0.858									
echeverria2018lobo	starwars; besel-2018; debot; cresci-2017; cresci-2015; darpa-challenge-2015; journalist-attack-2017; gilani-2017	echeverria	lobo	33	LOBO: Evaluation of Generalization Deficiencies in Twitter Bot Classifiers	Echeverria, Juan and De Cristofaro, Emiliano and Kourtellis, Nicolas and Leontiadis, Ilias and Stringhini, Gianluca and Zhou, Shi	1	2018	34th Annual Computer Security Applications Conference	Association for Computing Machinery	137--146	10.1145/3274694.3274738				https://dl.acm.org/doi/abs/10.1145/3274694.3274738	7				all: 0.9784				all: 0.98									
dehghan2018detecting	twibot-2020	dehghan	detecting	1	Detecting Bots in Social-Networks Using Node and Structural Embeddings	Ashkan Dehghan and Kinga Siuta and Agata Skorupka and Akshat Dubey and Andrei Betlen and David Miller and Wei Xu and Bogumił Kamiński and Paweł Prałat	1	2018	11th International Conference on Data Science, Technology and Applications (DATA)	SciTePress	50--61	10.5220/0011147300003269				https://math.ryerson.ca/~pralat/papers/bots.pdf	0				0.8176			0.8452		0.6246								
varol2017online	caverlee-2011; varol-2017	varol	online	954	Online Human-Bot Interactions: Detection, Estimation, and Characterization 	Onur Varol and Emilio Ferrara and Clayton A. Davis and Filippo Menczer and Alessandro Flammini 	1	2017	Eleventh International AAAI Conference on Web and Social Media	Association for the Advancement of Artificial Intelligence 	280--289					https://aaai.org/ocs/index.php/ICWSM/ICWSM17/paper/view/15587	173	user-based features, friends features, network features, temporal features, content/language features, sentiment features	The best classification perfor- mance of 0.95 AUC was obtained by the Random Forest al- gorithm. In the rest of the paper we use the Random Forest model trained using 100 estimators and the Gini coefficient to measure the quality of splits.	botometer v2 (?)	all: 0.86				0.94									
ferrara2017disinformation	varol-2017; cresci-2017	ferrara	disinformation	450	Disinformation and Social Bot Operations in the Run Up to the 2017 French Presidential Election 	Emilio Ferrara	0	2017				10.5210/fm.v22i18.8005	First Monday	22	8	https://arxiv.org/abs/1707.00086	82				all: 0.93				all: 0.92									
cresci2017the	cresci-2017	cresci	the	319	The paradigm-shift of social spambots: Evidence, theories, and tools for the arms race.	Cresci, Stefano and Di Pietro, Roberto and Petrocchi, Marinella and Spognardi, Angelo and Tesconi, Maurizio	1	2017	26th International Conference on World Wide Web	International World Wide Web Conferences Steering Committee	963--972	10.1145/3041021.3055135				https://doi.org/10.1145/3041021.3055135	58	range of features in csv, including profile characteristics and tweets	re-runs analysis on existing techniques		n/a	n/a	n/a	n/a	n/a	n/a								
gilani2017of	gilani-2017	gilani	of	91	Of Bots and Humans (on Twitter)	Gilani, Zafar and Farahbakhsh, Reza and Tyson, Gareth and Wang, Liang and Crowcroft, Jon	1	2017	IEEE/ACM International Conference on Advances in Social Networks Analysis and Mining 	Association for Computing Machinery	349--354	10.1145/3110025.3110090																						
wu2017adaptive	caverlee-2011	wu	adaptive	54	Adaptive Spammer Detection with Sparse Group Modeling	Liang Wu and Xia Hu and Fred Morstatter and Huan Liu	1	2017	Eleventh International AAAI Conference on Web and Social Media (ICWSM)	Association for the Advancement of Artificial Intelligence	319--326					https://ojs.aaai.org/index.php/ICWSM/article/view/14887	10					0.93	0.9692	0.9531										
cresci2017exploiting	cresci-2017	cresci	exploiting	20	Exploiting digital DNA for the analysis of similarities in Twitter behaviour	Stefano Cresci and Roberto Di Pietro and Marinella Petrocchi and Angelo Spognardi and Maurizio Tesconi	1	2017	IEEE International Conference on Data Science and Advanced Analytics (DSAA)		686--695	10.1109/DSAA.2017.57				https://ieeexplore.ieee.org/document/8259831	4																0.0028	0.0001
davis2016botornot	caverlee-2011	davis	botornot	757	BotOrNot: A System to Evaluate Social Bots 	Davis, Clayton Allen and Varol, Onur and Ferrara, Emilio and Flammini, Alessandro and Menczer, Filippo	1	2016	25th International Conference Companion on World Wide Web	International World Wide Web Conferences Steering Committee	273--274	10.1145/2872518.2889302				https://doi.org/10.1145/2872518.2889302	116	user-based features, friends features, network features, temporal features, content/language features, sentiment features	BotOrNot’s classifier uses Random Forest, an ensemble super- vised learning method. Extracted features are leveraged to train seven different classifiers: one for each subclass of features and one for the overall score. Ten-fold cross-validation yields a perfor- mance of 0.95 AUC (Area Under ROC Curve). 	botometer v1 (?)					0.95									
cresci2016dna-inspired	cresci-2017	cresci	dna-inspired	134	DNA-Inspired Online Behavioral Modeling and Its Application to Spambot Detection	Stefano Cresci and Roberto Di Pietro and Marinella Petrocchi and Angelo Spognardi and Maurizio Tesconi	0	2016			58--64	10.1109/MIS.2016.29	IEEE Intelligent Systems	31	5	https://doi.org/10.1109/MIS.2016.29	21				0.977	1	0.972	0.977		0.952	1							
alarifi2016twitter	caverlee-2011; alarifi-2016	alarifi	twitter	81	Twitter turing test: Identifying social machines	Abdulrahman Alarifi and Mansour Alsaleh and AbdulMalik Al-Salman	0	2016			332--346	10.1016/j.ins.2016.08.036	Information Sciences	372		https://doi.org/10.1016/j.ins.2016.08.036	12	# hashtags per tweet, number of times a hashtag was used, # links, # mentions per tweet, # characters per tweet, # pictures, ...	run feature selection and then 4 ML models: decision tree, Bayesian network, SVM and neural net			0.91	0.91	0.91			0.91		0.09		0.9139	0.0861		
cresci2015fame	cresci-2015	cresci	fame	346	Fame for sale: Efficient detection of fake Twitter followers	Stefano Cresci and Roberto Di Pietro and Marinella Petrocchi and Angelo Spognardi and Maurizio Tesconi	0	2015			56--71	10.1016/j.dss.2015.09.003	Decision Support Systems	80		https://doi.org/10.1016/j.dss.2015.09.003	46	 			0.991	0.991	0.991	0.991	0.998	0.983								
yang2013empirical	yang-2013	yang	empirical	348	Empirical evaluation and new design for fighting evolving twitter spammers.	Chao Yang and Robert Harkreader and Guofei Gu	0	2013			1280--1293	10.1109/TIFS.2013.2267732	IEEE Transactions on Information Forensics and Security	8	8	https://doi.org/10.1109/TIFS.2013.2267732	37				0.9825			0.9					0.01					
lee2011a	caverlee-2011	lee	a	502	A Long-Term Study of Content Polluters on Twitter	Kyumin Lee and Brian Eoff and James Caverlee	1	2011	Fifth International AAAI Conference on Weblogs and Social Media 	Association for the Advancement of Artificial Intelligence 	185--192					https://ojs.aaai.org/index.php/ICWSM/article/view/14106	44				0.9862			0.986	0.999									
chao2011die	possibly spammers used in cresci-2017 or another spam dataset	chao	die	346	Die Free or Live Hard? Empirical Evaluation and New Design for Fighting Evolving Twitter Spammers.	Chao Yang and Robert Chandler Harkreader and Guofei Gu 	1	2011	Recent Advances in Intrusion Detection	Springer	318--337	10.1007/978-3-642-23644-0				https://link.springer.com/chapter/10.1007/978-3-642-23644-0_17	30							0.884					0.006		0.858			
lee2010uncovering	caverlee-2011	lee	uncovering	904	Uncovering Social Spammers: Social Honeypots + Machine Learning	Kyumin Lee and James Caverlee and Steve Webb	1	2010	33rd International ACM SIGIR Conference on Research and Development in Information Retrieval	Association for Computing Machinery	435--442	10.1145/1835449.1835522				https://people.engr.tamu.edu/caverlee/pubs/lee10sigir.pdf					0.8898			0.888					MySpace: 0.007 Twitter: 0.057					
																					0.835													